rombel_id;peserta_didik_id;status_keaktifan;tanggal_masuk;tanggal_keluar;keterangan
f4c44469-4a6a-42d3-84b3-8dbacd230e9d;b26ccddc-726b-4f14-b095-fcbb446b9012;;;;
f4c44469-4a6a-42d3-84b3-8dbacd230e9d;0d78b5c6-ee02-48e1-93c9-6ec391e3e1bc;;;;
f4c44469-4a6a-42d3-84b3-8dbacd230e9d;0fc0287c-dc1c-43ce-97e0-6711257e0699;;;;
f4c44469-4a6a-42d3-84b3-8dbacd230e9d;1c4139fd-6bfa-4c2e-b182-6b18857ecd9f;;;;
f4c44469-4a6a-42d3-84b3-8dbacd230e9d;692f1a96-6370-486d-97b2-b9373dab5893;;;;
f4c44469-4a6a-42d3-84b3-8dbacd230e9d;74238774-275d-49ac-b40e-978ed11016a9;;;;
f4c44469-4a6a-42d3-84b3-8dbacd230e9d;a911fe34-9e67-4e64-9123-d6f79604a961;;;;
f4c44469-4a6a-42d3-84b3-8dbacd230e9d;b398e177-c64b-4198-8855-b88a07b6a8c7;;;;
f4c44469-4a6a-42d3-84b3-8dbacd230e9d;f715cdc0-1b74-4be3-a1ce-6072c720820b;;;;
f4c44469-4a6a-42d3-84b3-8dbacd230e9d;ee56ad13-55e0-43b1-98c0-f59a4610d0ed;;;;
f4c44469-4a6a-42d3-84b3-8dbacd230e9d;9e41c90b-33a4-4e56-8bad-bd768eef82c7;;;;
f4c44469-4a6a-42d3-84b3-8dbacd230e9d;84fd1520-0965-42ee-8127-ecaf47a94466;;;;
f4c44469-4a6a-42d3-84b3-8dbacd230e9d;01dbb4d2-a080-4694-82ae-3fd167813807;;;;
f4c44469-4a6a-42d3-84b3-8dbacd230e9d;fd10580b-5de6-433e-bf37-a3766e79ce6b;;;;
f4c44469-4a6a-42d3-84b3-8dbacd230e9d;3953cfe2-7512-4327-927c-1a35639676af;;;;
f4c44469-4a6a-42d3-84b3-8dbacd230e9d;2471bf24-2d3c-4537-9fb9-eeb04b50a6ef;;;;
f4c44469-4a6a-42d3-84b3-8dbacd230e9d;a5337b42-8c4c-48ed-8135-fbce992ef8a7;;;;
f4c44469-4a6a-42d3-84b3-8dbacd230e9d;e43a2e82-f23b-430b-bf9f-f9a5f284fd33;;;;
f4c44469-4a6a-42d3-84b3-8dbacd230e9d;cd02bf19-d6ae-4b4b-9fe9-fca624443d89;;;;
f4c44469-4a6a-42d3-84b3-8dbacd230e9d;366bf491-c6c1-4a99-a4ac-30db59c6e42d;;;;
f4c44469-4a6a-42d3-84b3-8dbacd230e9d;c4a82f9e-2981-4ce2-927f-bfe769d3d1c1;;;;
f4c44469-4a6a-42d3-84b3-8dbacd230e9d;769a73dc-052d-4d26-9480-f1b011b3beef;;;;
f4c44469-4a6a-42d3-84b3-8dbacd230e9d;703d5fda-4fc4-4c3e-953c-d7d6a3b21138;;;;
f4c44469-4a6a-42d3-84b3-8dbacd230e9d;15486545-1636-4d95-bb0b-f55394037687;;;;
f4c44469-4a6a-42d3-84b3-8dbacd230e9d;cdfa75ec-1f68-4367-a13f-905b0b48e387;;;;
f4c44469-4a6a-42d3-84b3-8dbacd230e9d;404edb24-b6ab-4a56-a157-b65dbd94ae0f;;;;
f4c44469-4a6a-42d3-84b3-8dbacd230e9d;fc7eb90f-4bab-4395-bce1-4eebadd943a0;;;;
f4c44469-4a6a-42d3-84b3-8dbacd230e9d;14192638-7952-43dc-bf39-a10e0bc2b26a;;;;
f4c44469-4a6a-42d3-84b3-8dbacd230e9d;33b5c28f-0bb5-4824-b181-03211ba16e9c;;;;
bbe6a283-6aec-4840-aacf-d4b3d45ec6c6;fa36dd5b-e570-43ad-8ee6-76c61b03d1ff;;;;
bbe6a283-6aec-4840-aacf-d4b3d45ec6c6;9a7431c8-0ee9-4995-a956-fe5e8cbffdb7;;;;
bbe6a283-6aec-4840-aacf-d4b3d45ec6c6;32d78ab1-0e51-4f2f-b474-22894da51f57;;;;
bbe6a283-6aec-4840-aacf-d4b3d45ec6c6;b4bcb8d0-dea3-4d27-a690-32ab16781dde;;;;
bbe6a283-6aec-4840-aacf-d4b3d45ec6c6;cb8a51d9-7d79-4cd0-a726-323ec140b063;;;;
bbe6a283-6aec-4840-aacf-d4b3d45ec6c6;53028128-54bc-45fa-93d5-5604ebac4fc9;;;;
bbe6a283-6aec-4840-aacf-d4b3d45ec6c6;0033b553-53f7-4e4e-88b1-967caa8aeb79;;;;
bbe6a283-6aec-4840-aacf-d4b3d45ec6c6;664b32f4-f3ff-4a40-80e4-2d5d3c9bf57c;;;;
bbe6a283-6aec-4840-aacf-d4b3d45ec6c6;49c0f474-8ce2-422a-9b42-3f0a768af43b;;;;
bbe6a283-6aec-4840-aacf-d4b3d45ec6c6;046539a6-77a2-48d5-b63d-c3f46f9b1c05;;;;
bbe6a283-6aec-4840-aacf-d4b3d45ec6c6;2fff927d-f3a2-4770-96fb-cc982aa569b9;;;;
bbe6a283-6aec-4840-aacf-d4b3d45ec6c6;524bf17a-9b01-496b-9fc9-caf7334d7a58;;;;
bbe6a283-6aec-4840-aacf-d4b3d45ec6c6;a36cda61-d0c4-408c-86cd-4a4dcaf7f3f8;;;;
bbe6a283-6aec-4840-aacf-d4b3d45ec6c6;d3f8e47e-d0eb-4ee9-8dab-1d9ea50da8be;;;;
bbe6a283-6aec-4840-aacf-d4b3d45ec6c6;03a0fabe-8d1d-45c2-ac6a-8933f443dd43;;;;
bbe6a283-6aec-4840-aacf-d4b3d45ec6c6;9f760ee6-e562-4799-83fd-9e69964ecc80;;;;
bbe6a283-6aec-4840-aacf-d4b3d45ec6c6;e19bcfcd-0fc4-4eac-ba85-6823e11051d0;;;;
bbe6a283-6aec-4840-aacf-d4b3d45ec6c6;1a10499d-be00-4a87-be43-33d04a265555;;;;
bbe6a283-6aec-4840-aacf-d4b3d45ec6c6;542cb25d-8f32-41c5-9ddb-da682be79ca1;;;;
bbe6a283-6aec-4840-aacf-d4b3d45ec6c6;56eb195e-df3b-4b44-8bff-30e8c164deb0;;;;
bbe6a283-6aec-4840-aacf-d4b3d45ec6c6;b5e4ee2c-70b0-4d39-b087-1cb07c77d476;;;;
bbe6a283-6aec-4840-aacf-d4b3d45ec6c6;01eec5c7-bce6-4db7-b662-6c98f93804e8;;;;
bbe6a283-6aec-4840-aacf-d4b3d45ec6c6;d81c3266-1d34-4536-96c3-28bb98cfe71e;;;;
bbe6a283-6aec-4840-aacf-d4b3d45ec6c6;449c5384-d70b-4569-b660-baf0d369360b;;;;
bbe6a283-6aec-4840-aacf-d4b3d45ec6c6;010719a9-fe30-4925-ae50-33dead3e5212;;;;
bbe6a283-6aec-4840-aacf-d4b3d45ec6c6;5ff18371-c895-4de3-a93f-0448a6233f09;;;;
bbe6a283-6aec-4840-aacf-d4b3d45ec6c6;e2840946-8c1f-4ac8-addc-edc229dd56ad;;;;
bbe6a283-6aec-4840-aacf-d4b3d45ec6c6;37854f06-1e74-41e1-a88f-8445ecea7372;;;;
bbe6a283-6aec-4840-aacf-d4b3d45ec6c6;040d76cb-30b7-4bd3-8982-4c2bb10218cb;;;;
bbe6a283-6aec-4840-aacf-d4b3d45ec6c6;4dcee500-8dd4-4762-9670-0ce09e34be9e;;;;
bbe6a283-6aec-4840-aacf-d4b3d45ec6c6;4a63c120-9b4f-4e68-881c-7bec9cb98dfd;;;;
bbe6a283-6aec-4840-aacf-d4b3d45ec6c6;496bf02d-e16e-41a3-8b13-52acb365b3f9;;;;
bbe6a283-6aec-4840-aacf-d4b3d45ec6c6;ccb8429d-93a3-4656-a61c-1593a5bf8f06;;;;
6a68827f-253d-49ca-833e-6965668e474c;92cf6e45-a2db-487e-949b-7c372ec6d3fe;;;;
6a68827f-253d-49ca-833e-6965668e474c;d75a917d-a6d8-43bb-8d0c-ef98a4e8ffa8;;;;
6a68827f-253d-49ca-833e-6965668e474c;4d17e0cc-4937-4bd0-ae9a-a347f0924eec;;;;
6a68827f-253d-49ca-833e-6965668e474c;eff3d09e-8263-49f8-903b-38301d80ae09;;;;
6a68827f-253d-49ca-833e-6965668e474c;37c54275-9d6e-42db-9722-86bb62e48cbd;;;;
6a68827f-253d-49ca-833e-6965668e474c;2e6b527a-9d15-4e4c-a1dc-95859215c57b;;;;
6a68827f-253d-49ca-833e-6965668e474c;acef7c20-fc31-48dc-82cf-d0c30bbb09cc;;;;
6a68827f-253d-49ca-833e-6965668e474c;e29cd3f3-2993-4e9a-956f-b7b7845fabe0;;;;
6a68827f-253d-49ca-833e-6965668e474c;e76cd77a-c532-4afc-a894-0ac9ed50dea0;;;;
6a68827f-253d-49ca-833e-6965668e474c;85783d2f-9e38-4e3a-ad53-46594fb5188a;;;;
6a68827f-253d-49ca-833e-6965668e474c;a1dc1cbe-398f-4654-8eb4-4c914ac76a68;;;;
6a68827f-253d-49ca-833e-6965668e474c;78bff1f4-1249-4478-9aa6-aa99d838b2b7;;;;
6a68827f-253d-49ca-833e-6965668e474c;50591c9c-029a-4cd2-b59f-4e9253ae499d;;;;
6a68827f-253d-49ca-833e-6965668e474c;2226a2a0-9327-4560-927e-9ad73d0d441a;;;;
6a68827f-253d-49ca-833e-6965668e474c;1ee3d700-9050-4f5f-851a-d0ca946a9c0c;;;;
6a68827f-253d-49ca-833e-6965668e474c;a6bddeb1-51c5-47c8-af7a-cd5faecf78f3;;;;
6a68827f-253d-49ca-833e-6965668e474c;8d11bb41-d755-4163-a97c-9ea925d48b7f;;;;
6a68827f-253d-49ca-833e-6965668e474c;6ce467f6-ed0d-4e44-9fd8-d1fcbd4f0614;;;;
6a68827f-253d-49ca-833e-6965668e474c;c47f72da-7695-4e79-a4a5-1a76c4919557;;;;
6a68827f-253d-49ca-833e-6965668e474c;d167cce4-2b19-4599-a50a-7f85417e3abc;;;;
6a68827f-253d-49ca-833e-6965668e474c;26ef93da-16a8-48e5-b01d-7c0989c8d808;;;;
6a68827f-253d-49ca-833e-6965668e474c;5c305706-61f8-4bcb-abd9-4918b99a74db;;;;
6a68827f-253d-49ca-833e-6965668e474c;bbdab7d4-3e15-45ae-b05d-4d8bace1ae9e;;;;
6a68827f-253d-49ca-833e-6965668e474c;43995fe1-e6fb-4579-954c-b8a1afa513ad;;;;
6a68827f-253d-49ca-833e-6965668e474c;4a4578a2-e91f-484b-bc7f-bf324c5c84d2;;;;
6a68827f-253d-49ca-833e-6965668e474c;5fae0ca4-0098-43b9-998d-f04d4dc64d60;;;;
6a68827f-253d-49ca-833e-6965668e474c;608c5f9c-894c-47b4-9b07-7c93558dddd5;;;;
6a68827f-253d-49ca-833e-6965668e474c;7dc6ebc2-ec32-4ba1-9cb1-9a2c871b0cdb;;;;
1a20bab4-924d-460e-a40b-94359d4c497c;987bbbd5-b2fa-402a-8c50-050ef3fbb34b;;;;
1a20bab4-924d-460e-a40b-94359d4c497c;4071b37a-8ad9-461a-b4a5-ee5219fb1760;;;;
1a20bab4-924d-460e-a40b-94359d4c497c;27cce59d-a2e1-4a25-af9b-43897fb6e55e;;;;
1a20bab4-924d-460e-a40b-94359d4c497c;1d6cdb9c-746d-48d4-816c-dc149d9ccf40;;;;
1a20bab4-924d-460e-a40b-94359d4c497c;249d3c3b-933f-400e-bfc6-45cea4990bfe;;;;
1a20bab4-924d-460e-a40b-94359d4c497c;45565b63-7616-49e5-a196-05090dfb1ce8;;;;
1a20bab4-924d-460e-a40b-94359d4c497c;4beacc40-5074-4378-a225-381c93476aaa;;;;
1a20bab4-924d-460e-a40b-94359d4c497c;129d1ec0-8c37-4557-8cea-a00f6e62cde4;;;;
1a20bab4-924d-460e-a40b-94359d4c497c;b6e82195-0878-47fb-853a-8c1464751dc9;;;;
1a20bab4-924d-460e-a40b-94359d4c497c;7f1641d5-f305-48a8-806a-33a6d7d142d1;;;;
1a20bab4-924d-460e-a40b-94359d4c497c;db35c2c3-6606-4281-8371-c0072939ed71;;;;
1a20bab4-924d-460e-a40b-94359d4c497c;483e4af8-c8ee-4e5d-8dc2-aec1e2fa919d;;;;
1a20bab4-924d-460e-a40b-94359d4c497c;695b85a4-d688-4eed-88c4-070dc67a1c61;;;;
1a20bab4-924d-460e-a40b-94359d4c497c;d2040156-75ab-4179-8d9a-9327618f1d4a;;;;
1a20bab4-924d-460e-a40b-94359d4c497c;f188510c-ee26-412a-90d1-5f0363f02ee6;;;;
1a20bab4-924d-460e-a40b-94359d4c497c;a050b673-0118-422d-9aa2-9ec972cd9be5;;;;
1a20bab4-924d-460e-a40b-94359d4c497c;19bc1b2b-d323-4163-9dfb-3df6ac738ce3;;;;
1a20bab4-924d-460e-a40b-94359d4c497c;5674547b-dff1-452c-b811-fc1cf9e16ba8;;;;
1a20bab4-924d-460e-a40b-94359d4c497c;e9c4b43d-9bfb-4529-8461-8568df2a64b1;;;;
1a20bab4-924d-460e-a40b-94359d4c497c;ac57fc7c-ccbc-46cc-9385-b9fec0134f86;;;;
1a20bab4-924d-460e-a40b-94359d4c497c;1fa6ca9d-1921-4708-bc51-f0b9aff68e16;;;;
1a20bab4-924d-460e-a40b-94359d4c497c;14a0330e-af08-4588-b5ba-76fce7b6428d;;;;
1a20bab4-924d-460e-a40b-94359d4c497c;679663b6-4669-4bc5-9150-5e697cc6012b;;;;
1a20bab4-924d-460e-a40b-94359d4c497c;837b93f8-3d83-4658-84b3-afc85f95cd47;;;;
1a20bab4-924d-460e-a40b-94359d4c497c;3775a211-1552-43eb-91cb-91aa4d8d6a50;;;;
1a20bab4-924d-460e-a40b-94359d4c497c;a87beec8-58c6-4f16-8cda-a09eab6d67bc;;;;
1a20bab4-924d-460e-a40b-94359d4c497c;cde8f07b-de85-4003-8275-8e24a8924c4c;;;;
24568bd7-7188-4b0c-9c75-081eb4c8d71e;201d2c77-a368-4308-b181-6042829b6e0e;;;;
24568bd7-7188-4b0c-9c75-081eb4c8d71e;af7d14ea-2509-4f44-81f9-7655d829f94e;;;;
24568bd7-7188-4b0c-9c75-081eb4c8d71e;f17aa26f-f07b-4d4b-b899-4bfbed582c36;;;;
24568bd7-7188-4b0c-9c75-081eb4c8d71e;c1904630-76b1-4f10-840f-71661998cfbd;;;;
24568bd7-7188-4b0c-9c75-081eb4c8d71e;2d65fa2c-755b-4330-b7fd-90ffefa733b7;;;;
24568bd7-7188-4b0c-9c75-081eb4c8d71e;27c50cbd-71b7-410a-9424-d9f9811a676b;;;;
24568bd7-7188-4b0c-9c75-081eb4c8d71e;64e342e6-de07-4446-9a49-c8b8ecbb62cf;;;;
24568bd7-7188-4b0c-9c75-081eb4c8d71e;6c7de508-2616-45a2-9db8-75d1d79ff3db;;;;
24568bd7-7188-4b0c-9c75-081eb4c8d71e;12386c3b-09b2-402c-8310-afebd563cc54;;;;
24568bd7-7188-4b0c-9c75-081eb4c8d71e;96530ef4-ab60-4c77-9bc9-edf5ee25f1d0;;;;
24568bd7-7188-4b0c-9c75-081eb4c8d71e;fb74488c-7157-4df8-b7b9-34ad8e50ef3c;;;;
24568bd7-7188-4b0c-9c75-081eb4c8d71e;b5f474c4-0ab1-41ac-99f2-644797517551;;;;
24568bd7-7188-4b0c-9c75-081eb4c8d71e;694ad83a-7e70-4663-b10d-8a5ff24e9d41;;;;
24568bd7-7188-4b0c-9c75-081eb4c8d71e;5f276d16-6f20-48fd-a61b-1e2f176b5ceb;;;;
24568bd7-7188-4b0c-9c75-081eb4c8d71e;c5f4968b-9de7-456a-b582-2b803a938bf7;;;;
24568bd7-7188-4b0c-9c75-081eb4c8d71e;d445796d-eca6-48da-a4ad-61c8bdc3690c;;;;
24568bd7-7188-4b0c-9c75-081eb4c8d71e;5c98d37f-b702-40eb-ba75-111da99c1051;;;;
24568bd7-7188-4b0c-9c75-081eb4c8d71e;f8289f9f-f48b-45d7-8363-cf88c2e21e8e;;;;
24568bd7-7188-4b0c-9c75-081eb4c8d71e;5d589121-5a5a-4e14-a334-5ebdb1330821;;;;
24568bd7-7188-4b0c-9c75-081eb4c8d71e;21b1b58b-1c40-4703-adfd-3c2d58c514ec;;;;
24568bd7-7188-4b0c-9c75-081eb4c8d71e;d7bf9831-3264-4364-8060-12ad5abf9df9;;;;
24568bd7-7188-4b0c-9c75-081eb4c8d71e;bd1cb8a4-895e-410b-9eb9-0efd7f8fe66c;;;;
24568bd7-7188-4b0c-9c75-081eb4c8d71e;f38e399b-8945-44e5-9801-7f6c5b765821;;;;
24568bd7-7188-4b0c-9c75-081eb4c8d71e;422b9c47-a67d-4dc7-b7df-6d714c17fe1d;;;;
70bd2533-c596-4a1f-a77e-7e14eb243330;46195ff2-f579-4ab5-b11f-7b760fda143e;;;;
70bd2533-c596-4a1f-a77e-7e14eb243330;7f09442a-379a-4046-856e-3d20f7082296;;;;
70bd2533-c596-4a1f-a77e-7e14eb243330;de79287f-dda2-4421-a90d-b340e14eb084;;;;
70bd2533-c596-4a1f-a77e-7e14eb243330;67f00eb3-83dc-4637-9e1a-ec84a83f4653;;;;
70bd2533-c596-4a1f-a77e-7e14eb243330;95a2f54d-e4af-4666-a669-ac9c74264c41;;;;
70bd2533-c596-4a1f-a77e-7e14eb243330;87400182-bcd0-40be-968a-06581981e9f9;;;;
70bd2533-c596-4a1f-a77e-7e14eb243330;c6429cf3-5493-460d-ba4f-98fc6186c618;;;;
70bd2533-c596-4a1f-a77e-7e14eb243330;f25d33e5-fe33-42dc-8ea5-af871740b04a;;;;
70bd2533-c596-4a1f-a77e-7e14eb243330;372b2db5-334a-47a0-8263-5d6db675a1a1;;;;
70bd2533-c596-4a1f-a77e-7e14eb243330;56ace177-281c-4a3c-9de6-f454854348a7;;;;
70bd2533-c596-4a1f-a77e-7e14eb243330;4151a22a-5f48-4f38-875e-43d54cc97351;;;;
70bd2533-c596-4a1f-a77e-7e14eb243330;264d2a67-9241-4f29-84b4-b78f94d9ff9e;;;;
70bd2533-c596-4a1f-a77e-7e14eb243330;5103233c-c361-402d-8f25-e0ab5ade53b6;;;;
70bd2533-c596-4a1f-a77e-7e14eb243330;167e6b77-1e53-4bb8-959e-c5500520b76f;;;;
70bd2533-c596-4a1f-a77e-7e14eb243330;f43499d4-efe1-4683-b021-4a68e9dec658;;;;
70bd2533-c596-4a1f-a77e-7e14eb243330;25587264-819f-4dd4-9bc1-9b6cfcb12fe7;;;;
70bd2533-c596-4a1f-a77e-7e14eb243330;5c402749-e4d5-4fac-a686-6daf6dd6140e;;;;
70bd2533-c596-4a1f-a77e-7e14eb243330;d2f1c85a-c1dc-40fb-bbc5-99b55c0ab0d9;;;;
70bd2533-c596-4a1f-a77e-7e14eb243330;482df93e-18e0-4460-b517-11b7c9695e57;;;;
70bd2533-c596-4a1f-a77e-7e14eb243330;366a9cee-bef2-41b2-8462-67ed68ba9889;;;;
70bd2533-c596-4a1f-a77e-7e14eb243330;a1ea38ad-b106-4d85-9045-81819d2257e3;;;;
70bd2533-c596-4a1f-a77e-7e14eb243330;2aa79862-baa9-4799-98ba-1a9033bbb83b;;;;
70bd2533-c596-4a1f-a77e-7e14eb243330;4839bcff-291f-4831-8383-6834b89db4ac;;;;
df06d2ea-2f69-41cf-9ecb-c6d25a4536da;1a556494-4f35-4753-a5e1-c35a14a36564;;;;
df06d2ea-2f69-41cf-9ecb-c6d25a4536da;b3067e2f-f422-4251-a65c-d76d8bf36d9b;;;;
df06d2ea-2f69-41cf-9ecb-c6d25a4536da;10ba2dff-32a8-4281-a2c0-fc733df298be;;;;
df06d2ea-2f69-41cf-9ecb-c6d25a4536da;22b4ddeb-e5db-420d-828e-14a52af4375b;;;;
df06d2ea-2f69-41cf-9ecb-c6d25a4536da;8c3206cd-49f4-4104-a46f-9de649a2fe5c;;;;
df06d2ea-2f69-41cf-9ecb-c6d25a4536da;2a790ab9-a5d4-4f2a-bba6-48b1f06cf0a3;;;;
df06d2ea-2f69-41cf-9ecb-c6d25a4536da;25504c20-0a15-4b04-9d10-1a2f150e1c3c;;;;
df06d2ea-2f69-41cf-9ecb-c6d25a4536da;540ceff9-a402-43a3-aeb2-21d8d05f6dc0;;;;
df06d2ea-2f69-41cf-9ecb-c6d25a4536da;e8dc5158-5f70-4526-852d-95833b05d54f;;;;
df06d2ea-2f69-41cf-9ecb-c6d25a4536da;b87c3457-0d8f-429f-a23c-b51ae69195c1;;;;
df06d2ea-2f69-41cf-9ecb-c6d25a4536da;38f574e8-ac8e-4e35-bbab-2b3263afec52;;;;
df06d2ea-2f69-41cf-9ecb-c6d25a4536da;bb4ee942-ae2e-42bf-8ede-e137ff0b6e28;;;;
df06d2ea-2f69-41cf-9ecb-c6d25a4536da;901373e6-7939-4585-a94a-7e3b88e555d3;;;;
df06d2ea-2f69-41cf-9ecb-c6d25a4536da;e872a51a-a47c-437a-b7ee-726d32ce8f05;;;;
df06d2ea-2f69-41cf-9ecb-c6d25a4536da;45cf84e4-04b9-42ea-8537-9187fbbd3303;;;;
df06d2ea-2f69-41cf-9ecb-c6d25a4536da;3fdf3275-1b1a-4c0b-86ec-08b57b73efb0;;;;
df06d2ea-2f69-41cf-9ecb-c6d25a4536da;5a4aff52-1096-47b8-a4da-1b3f217bd580;;;;
df06d2ea-2f69-41cf-9ecb-c6d25a4536da;791a17f8-d4a7-4c71-b646-7cf1d3e87440;;;;
df06d2ea-2f69-41cf-9ecb-c6d25a4536da;bf72b2e3-709b-482f-b9ac-731c40a67422;;;;
df06d2ea-2f69-41cf-9ecb-c6d25a4536da;244d558a-5fd3-4bc3-9b6b-e70947d047a0;;;;
df06d2ea-2f69-41cf-9ecb-c6d25a4536da;81fa1f48-6cae-4b70-86f2-c4dd74b27c7b;;;;
df06d2ea-2f69-41cf-9ecb-c6d25a4536da;76fbad64-5a23-431a-af10-5952b8f9b23c;;;;
df06d2ea-2f69-41cf-9ecb-c6d25a4536da;27c0b52d-e3fa-4d15-a345-86320ffe9db5;;;;
df06d2ea-2f69-41cf-9ecb-c6d25a4536da;fbea931c-8128-42ad-8524-5a37f227232e;;;;
df06d2ea-2f69-41cf-9ecb-c6d25a4536da;7504a996-dfb8-479a-9534-91eabfd8aa26;;;;
df06d2ea-2f69-41cf-9ecb-c6d25a4536da;ba2b6a22-817a-464e-9325-87bff6f6dd37;;;;
df06d2ea-2f69-41cf-9ecb-c6d25a4536da;9b842c80-6f93-429b-ac54-e298bc05c54c;;;;
df06d2ea-2f69-41cf-9ecb-c6d25a4536da;6870b5bc-56fd-4b25-abb0-968b7f0097f9;;;;
df06d2ea-2f69-41cf-9ecb-c6d25a4536da;4cb265b0-afd6-45be-ba2c-7bf8acd4b410;;;;
df06d2ea-2f69-41cf-9ecb-c6d25a4536da;8052db6c-01c1-4cc1-ad96-cdd4825614cd;;;;
df06d2ea-2f69-41cf-9ecb-c6d25a4536da;47db7cf2-5335-4e03-95b0-429222afe98f;;;;
df06d2ea-2f69-41cf-9ecb-c6d25a4536da;57344e98-9440-4d40-9f2e-5a38782665e6;;;;
016e2c33-223a-487e-af06-195df220fdf3;0384e436-acd7-4f91-82bf-2d7fc0717d10;;;;
016e2c33-223a-487e-af06-195df220fdf3;d26fd44d-1215-4a58-9028-6affbd82ff15;;;;
016e2c33-223a-487e-af06-195df220fdf3;3a727178-bea5-4fce-afbf-559da28061ea;;;;
016e2c33-223a-487e-af06-195df220fdf3;984c6cf9-01f4-4e63-b2e9-2aa2d539b79e;;;;
016e2c33-223a-487e-af06-195df220fdf3;4827c24a-3761-4755-807c-54050c9fd546;;;;
016e2c33-223a-487e-af06-195df220fdf3;b70ae467-e22a-4410-80e3-8f1fa0f41d37;;;;
016e2c33-223a-487e-af06-195df220fdf3;fd471d12-2aa9-4269-9412-c3abdf11ea7e;;;;
016e2c33-223a-487e-af06-195df220fdf3;c8e91de8-c831-430c-b7a7-60d5fc33fb2d;;;;
016e2c33-223a-487e-af06-195df220fdf3;22948ebc-8a62-4bb5-9752-b76ce9bcf693;;;;
016e2c33-223a-487e-af06-195df220fdf3;ac68e756-a4c9-4aad-9610-4701c4351a1e;;;;
016e2c33-223a-487e-af06-195df220fdf3;8739f28c-581b-467c-be3b-d143d6390e29;;;;
016e2c33-223a-487e-af06-195df220fdf3;d3b868f0-1470-4e95-97fd-04216fbf5c57;;;;
016e2c33-223a-487e-af06-195df220fdf3;9dbb5767-b4b0-41e1-9989-959a7641d96e;;;;
016e2c33-223a-487e-af06-195df220fdf3;e68da71b-7b0e-4c01-aeed-120d0a7d65f9;;;;
016e2c33-223a-487e-af06-195df220fdf3;e92b2778-1f6d-4c8e-97bc-b19063040024;;;;
016e2c33-223a-487e-af06-195df220fdf3;c2c0cf1d-f573-4026-ae81-8f24040a9a0c;;;;
016e2c33-223a-487e-af06-195df220fdf3;f5822111-38ca-4356-909d-bef413f1d08e;;;;
016e2c33-223a-487e-af06-195df220fdf3;996f20f5-1e11-4e54-9c08-2b0c75eb3375;;;;
016e2c33-223a-487e-af06-195df220fdf3;92af5e26-4582-45ea-a058-a2f5bff28aef;;;;
016e2c33-223a-487e-af06-195df220fdf3;0361b277-aa76-45ad-bdd5-d7055169acf8;;;;
016e2c33-223a-487e-af06-195df220fdf3;e103edea-cd56-4632-beb0-fe66671b8ca4;;;;
016e2c33-223a-487e-af06-195df220fdf3;7a32382c-7038-4b7e-a57e-dbff223172e0;;;;
016e2c33-223a-487e-af06-195df220fdf3;24253ad6-0055-4129-a055-522c3cf6bfcf;;;;
016e2c33-223a-487e-af06-195df220fdf3;8f4bf5b8-e34d-4067-a181-efd4645bf8f5;;;;
016e2c33-223a-487e-af06-195df220fdf3;f0799a2d-50e3-4748-b27d-000125809605;;;;
016e2c33-223a-487e-af06-195df220fdf3;e45311d1-081f-422f-9c94-2caef0b6ca56;;;;
016e2c33-223a-487e-af06-195df220fdf3;cda88384-04b5-42d0-9473-9b3c9999e7c2;;;;
016e2c33-223a-487e-af06-195df220fdf3;7a7a82c6-e552-46bf-a14a-385e8b386401;;;;
016e2c33-223a-487e-af06-195df220fdf3;1a5dcb2a-d1e5-4279-aa1d-00eb9d08981c;;;;
016e2c33-223a-487e-af06-195df220fdf3;b1156cc9-9365-4d53-bc72-9cebf14dcf68;;;;
016e2c33-223a-487e-af06-195df220fdf3;94d88ab0-7fa9-4654-a084-866f14dbd912;;;;
016e2c33-223a-487e-af06-195df220fdf3;01f4d0a6-8b03-4817-97a8-92826e643388;;;;
